{"cameraMode":{"drawMode":0,"name":"Shaded","section":"Shading Mode"},"sceneLighting":false,"audioPlay":false,"sceneViewState":{"m_AlwaysRefresh":false,"showFog":true,"showSkybox":false,"showFlares":true,"showImageEffects":true,"showParticleSystems":true,"showVisualEffectGraphs":true,"m_FxEnabled":true},"in2DMode":false,"pivot":{"x":53.93000030517578,"y":7.256298065185547,"z":40.23645782470703},"rotation":{"x":0.19557201862335206,"y":0.0018799296813085676,"z":-0.00045449312892742455,"w":0.9808371663093567},"size":2.0989882946014406,"orthographic":false}