{"cameraMode":{"drawMode":0,"name":"Shaded","section":"Shading Mode"},"sceneLighting":false,"audioPlay":false,"sceneViewState":{"m_AlwaysRefresh":false,"showFog":true,"showSkybox":false,"showFlares":true,"showImageEffects":true,"showParticleSystems":true,"showVisualEffectGraphs":true,"m_FxEnabled":true},"in2DMode":false,"pivot":{"x":55.03118896484375,"y":24.912452697753908,"z":97.1799087524414},"rotation":{"x":-0.16754181683063508,"y":-0.003944754600524902,"z":0.0007824669010005891,"w":-0.9860117435455322},"size":12.647699356079102,"orthographic":false}